TimeUS,time_s,instance,lat_deg,lon_deg,alt_m,speed_mps,vz_mps,status,nsats,hdop,seg_m,cum_dist_m,gps_dt_s,east_m,north_m,up_m
50814626,0.0,0,-35.3632649,149.1652374,584.85,0.0,0.0,6,10,1.21,0.0,0.0,,-0.0,0.0,0.0
51014626,0.2,0,-35.3632649,149.1652374,584.85,0.0,0.0,6,10,1.21,0.0,0.0,0.2,-0.0,0.0,0.0
51214626,0.4,0,-35.3632649,149.1652374,584.85,0.0,0.0,6,10,1.21,0.0,0.0,0.2,-0.0,0.0,0.0
51414626,0.6,0,-35.3632649,149.1652374,584.85,0.0020000000949949026,0.0,6,10,1.21,0.0,0.0,0.19999999999999996,-0.0,0.0,0.0
51614626,0.8,0,-35.3632649,149.1652374,584.85,0.0020000000949949026,0.0,6,10,1.21,0.0,0.0,0.20000000000000007,-0.0,0.0,0.0
51814626,1.0,0,-35.3632649,149.1652374,584.85,0.0,0.0,6,10,1.21,0.0,0.0,0.19999999999999996,-0.0,0.0,0.0
52014626,1.2,0,-35.3632649,149.1652374,584.85,0.0,0.0,6,10,1.21,0.0,0.0,0.19999999999999996,-0.0,0.0,0.0
52214626,1.4,0,-35.3632649,149.1652374,584.85,0.0,0.0,6,10,1.21,0.0,0.0,0.19999999999999996,-0.0,0.0,0.0
52414626,1.6,0,-35.3632649,149.1652374,584.85,0.0,0.0,6,10,1.21,0.0,0.0,0.20000000000000018,-0.0,0.0,0.0
52614626,1.8,0,-35.3632649,149.1652374,584.85,0.0,0.0,6,10,1.21,0.0,0.0,0.19999999999999996,-0.0,0.0,0.0
52814626,2.0,0,-35.3632649,149.1652374,584.85,0.0,0.0,6,10,1.21,0.0,0.0,0.19999999999999996,-0.0,0.0,0.0
53014626,2.2,0,-35.3632649,149.1652374,584.85,0.0,0.0,6,10,1.21,0.0,0.0,0.20000000000000018,-0.0,0.0,0.0
53214626,2.4,0,-35.3632649,149.1652374,584.85,0.0,0.0,6,10,1.21,0.0,0.0,0.19999999999999973,-0.0,0.0,0.0
53414626,2.6,0,-35.3632649,149.1652374,584.85,0.0020000000949949026,0.0,6,10,1.21,0.0,0.0,0.20000000000000018,-0.0,0.0,0.0
53614626,2.8,0,-35.3632649,149.1652374,584.85,0.0020000000949949026,0.0,6,10,1.21,0.0,0.0,0.19999999999999973,-0.0,0.0,0.0
53814626,3.0,0,-35.3632649,149.1652374,584.85,0.0,0.0,6,10,1.21,0.0,0.0,0.20000000000000018,-0.0,0.0,0.0
54014626,3.2,0,-35.3632649,149.1652374,584.85,0.0,0.0,6,10,1.21,0.0,0.0,0.20000000000000018,-0.0,0.0,0.0
54214626,3.4,0,-35.3632649,149.1652374,584.85,0.0,0.0,6,10,1.21,0.0,0.0,0.19999999999999973,-0.0,0.0,0.0
54414626,3.6,0,-35.3632649,149.1652374,584.85,0.0,0.0,6,10,1.21,0.0,0.0,0.20000000000000018,-0.0,0.0,0.0
54614626,3.8,0,-35.3632649,149.1652374,584.85,0.0,0.0,6,10,1.21,0.0,0.0,0.19999999999999973,-0.0,0.0,0.0
54814626,4.0,0,-35.3632649,149.1652374,584.85,0.0,0.0,6,10,1.21,0.0,0.0,0.20000000000000018,-0.0,0.0,0.0
55014626,4.2,0,-35.3632649,149.1652374,584.85,0.0,0.0,6,10,1.21,0.0,0.0,0.20000000000000018,-0.0,0.0,0.0
55214626,4.4,0,-35.3632649,149.1652374,584.85,0.0,0.0,6,10,1.21,0.0,0.0,0.20000000000000018,-0.0,0.0,0.0
55414626,4.6,0,-35.3632649,149.1652374,584.85,0.0,0.0,6,10,1.21,0.0,0.0,0.1999999999999993,-0.0,0.0,0.0
55614626,4.8,0,-35.3632649,149.1652374,584.85,0.0,0.0,6,10,1.21,0.0,0.0,0.20000000000000018,-0.0,0.0,0.0
55814626,5.0,0,-35.3632649,149.1652374,584.85,0.0,0.0,6,10,1.21,0.0,0.0,0.20000000000000018,-0.0,0.0,0.0
56014626,5.2,0,-35.3632649,149.1652374,584.85,0.0,0.0,6,10,1.21,0.0,0.0,0.20000000000000018,-0.0,0.0,0.0
56214626,5.4,0,-35.3632649,149.1652374,584.85,0.0,0.0,6,10,1.21,0.0,0.0,0.20000000000000018,-0.0,0.0,0.0
56414626,5.6,0,-35.3632649,149.1652374,584.85,0.0,0.0,6,10,1.21,0.0,0.0,0.1999999999999993,-0.0,0.0,0.0
56614626,5.8,0,-35.3632649,149.1652374,584.85,0.0,0.0,6,10,1.21,0.0,0.0,0.20000000000000018,-0.0,0.0,0.0
56814626,6.0,0,-35.3632649,149.1652374,584.85,0.0,0.0,6,10,1.21,0.0,0.0,0.20000000000000018,-0.0,0.0,0.0
57014626,6.2,0,-35.3632649,149.1652374,584.85,0.0,0.0,6,10,1.21,0.0,0.0,0.20000000000000018,-0.0,0.0,0.0
57214626,6.4,0,-35.3632649,149.1652374,584.85,0.0,0.0,6,10,1.21,0.0,0.0,0.20000000000000018,-0.0,0.0,0.0
57414626,6.6,0,-35.3632649,149.1652374,584.85,0.0020000000949949026,0.0,6,10,1.21,0.0,0.0,0.1999999999999993,-0.0,0.0,0.0
57614626,6.8,0,-35.3632649,149.1652374,584.85,0.0020000000949949026,0.0,6,10,1.21,0.0,0.0,0.20000000000000018,-0.0,0.0,0.0
57814626,7.0,0,-35.3632649,149.1652374,584.85,0.0,0.0,6,10,1.21,0.0,0.0,0.20000000000000018,-0.0,0.0,0.0
58014626,7.2,0,-35.3632649,149.1652374,584.85,0.0,0.0,6,10,1.21,0.0,0.0,0.20000000000000018,-0.0,0.0,0.0
58214626,7.4,0,-35.3632649,149.1652374,584.85,0.0,0.0,6,10,1.21,0.0,0.0,0.20000000000000018,-0.0,0.0,0.0
58414626,7.6,0,-35.3632649,149.1652374,584.85,0.0,0.0,6,10,1.21,0.0,0.0,0.1999999999999993,-0.0,0.0,0.0
58614626,7.8,0,-35.3632649,149.1652374,584.85,0.0,0.0,6,10,1.21,0.0,0.0,0.20000000000000018,-0.0,0.0,0.0
58814626,8.0,0,-35.3632649,149.1652374,584.85,0.0,0.0,6,10,1.21,0.0,0.0,0.20000000000000018,-0.0,0.0,0.0
59014626,8.2,0,-35.3632649,149.1652374,584.85,0.0,0.0,6,10,1.21,0.0,0.0,0.1999999999999993,-0.0,0.0,0.0
59214626,8.4,0,-35.3632649,149.1652374,584.85,0.0,0.0,6,10,1.21,0.0,0.0,0.20000000000000107,-0.0,0.0,0.0
59414626,8.6,0,-35.3632649,149.1652374,584.85,0.0,0.0,6,10,1.21,0.0,0.0,0.1999999999999993,-0.0,0.0,0.0
59614626,8.8,0,-35.3632649,149.1652374,584.85,0.0,0.0,6,10,1.21,0.0,0.0,0.20000000000000107,-0.0,0.0,0.0
59814626,9.0,0,-35.3632649,149.1652374,584.85,0.0,0.0,6,10,1.21,0.0,0.0,0.1999999999999993,-0.0,0.0,0.0
60014626,9.2,0,-35.3632649,149.1652374,584.85,0.0020000000949949026,0.0,6,10,1.21,0.0,0.0,0.1999999999999993,-0.0,0.0,0.0
60214626,9.4,0,-35.3632649,149.1652374,584.85,0.0020000000949949026,0.0,6,10,1.21,0.0,0.0,0.20000000000000107,-0.0,0.0,0.0
60414626,9.6,0,-35.3632649,149.1652374,584.85,0.0,0.0,6,10,1.21,0.0,0.0,0.1999999999999993,-0.0,0.0,0.0
60614626,9.8,0,-35.3632649,149.1652374,584.85,0.0,0.0,6,10,1.21,0.0,0.0,0.20000000000000107,-0.0,0.0,0.0
60814626,10.0,0,-35.3632649,149.1652374,584.85,0.0,0.0,6,10,1.21,0.0,0.0,0.1999999999999993,-0.0,0.0,0.0
61014626,10.2,0,-35.3632649,149.1652374,584.85,0.0,0.0,6,10,1.21,0.0,0.0,0.1999999999999993,-0.0,0.0,0.0
61214626,10.4,0,-35.3632649,149.1652374,584.85,0.0,0.0,6,10,1.21,0.0,0.0,0.20000000000000107,-0.0,0.0,0.0
61414626,10.6,0,-35.3632649,149.1652374,584.85,0.0,0.0,6,10,1.21,0.0,0.0,0.1999999999999993,-0.0,0.0,0.0
61614626,10.8,0,-35.3632649,149.1652374,584.85,0.0,0.0,6,10,1.21,0.0,0.0,0.20000000000000107,-0.0,0.0,0.0
61814626,11.0,0,-35.3632649,149.1652374,584.85,0.0,0.0,6,10,1.21,0.0,0.0,0.1999999999999993,-0.0,0.0,0.0
62014626,11.2,0,-35.3632649,149.1652374,584.85,0.0,0.0,6,10,1.21,0.0,0.0,0.1999999999999993,-0.0,0.0,0.0
62214626,11.4,0,-35.3632649,149.1652374,584.85,0.0,0.0,6,10,1.21,0.0,0.0,0.20000000000000107,-0.0,0.0,0.0
62414626,11.6,0,-35.3632649,149.1652374,584.85,0.0,0.0,6,10,1.21,0.0,0.0,0.1999999999999993,-0.0,0.0,0.0
62614626,11.8,0,-35.3632649,149.1652374,584.85,0.0,0.0,6,10,1.21,0.0,0.0,0.20000000000000107,-0.0,0.0,0.0
62814626,12.0,0,-35.3632649,149.1652374,584.85,0.0,0.0,6,10,1.21,0.0,0.0,0.1999999999999993,-0.0,0.0,0.0
63014626,12.2,0,-35.3632649,149.1652374,584.85,0.0,0.0,6,10,1.21,0.0,0.0,0.1999999999999993,-0.0,0.0,0.0
63214626,12.4,0,-35.3632649,149.1652374,584.85,0.0,0.0,6,10,1.21,0.0,0.0,0.20000000000000107,-0.0,0.0,0.0
63414626,12.6,0,-35.3632649,149.1652374,584.85,0.0,0.0,6,10,1.21,0.0,0.0,0.1999999999999993,-0.0,0.0,0.0
63614626,12.8,0,-35.3632649,149.1652374,584.85,0.0,0.0,6,10,1.21,0.0,0.0,0.20000000000000107,-0.0,0.0,0.0
63814626,13.0,0,-35.3632649,149.1652374,584.85,0.0,0.0,6,10,1.21,0.0,0.0,0.1999999999999993,-0.0,0.0,0.0
64014618,13.199992,0,-35.3632649,149.1652374,584.85,0.0020000000949949026,0.0,6,10,1.21,0.0,0.0,0.19999199999999995,-0.0,0.0,0.0
64214551,13.399925,0,-35.3632649,149.1652374,584.85,0.0020000000949949026,0.0,6,10,1.21,0.0,0.0,0.1999329999999997,-0.0,0.0,0.0
64414484,13.599858,0,-35.3632649,149.1652374,584.85,0.0,0.0,6,10,1.21,0.0,0.0,0.1999329999999997,-0.0,0.0,0.0
64614417,13.799791,0,-35.3632649,149.1652374,584.85,0.0,0.0,6,10,1.21,0.0,0.0,0.19993300000000147,-0.0,0.0,0.0
64814349,13.999723,0,-35.3632649,149.1652374,584.85,0.0,0.0,6,10,1.21,0.0,0.0,0.19993199999999867,-0.0,0.0,0.0
65014282,14.199656,0,-35.3632649,149.1652374,584.85,0.0,0.0,6,10,1.21,0.0,0.0,0.1999329999999997,-0.0,0.0,0.0
65214215,14.399589,0,-35.3632649,149.1652374,584.85,0.0,0.0,6,10,1.21,0.0,0.0,0.19993300000000147,-0.0,0.0,0.0
65414148,14.599522,0,-35.3632649,149.1652374,584.85,0.0,0.0,6,10,1.21,0.0,0.0,0.1999329999999997,-0.0,0.0,0.0
65614081,14.799455,0,-35.3632649,149.1652374,584.85,0.0,0.0,6,10,1.21,0.0,0.0,0.1999329999999997,-0.0,0.0,0.0
65814013,14.999387,0,-35.3632649,149.1652374,584.85,0.0,0.0,6,10,1.21,0.0,0.0,0.19993200000000044,-0.0,0.0,0.0
66014946,15.20032,0,-35.3632649,149.1652374,584.85,0.0,0.0,6,10,1.21,0.0,0.0,0.20093299999999914,-0.0,0.0,0.0
66214879,15.400253,0,-35.3632649,149.1652374,584.85,0.0,0.0,6,10,1.21,0.0,0.0,0.1999329999999997,-0.0,0.0,0.0
66414812,15.600186,0,-35.3632649,149.1652374,584.85,0.0,0.0,6,10,1.21,0.0,0.0,0.19993300000000147,-0.0,0.0,0.0
66614744,15.800118,0,-35.3632649,149.1652374,584.85,0.0,0.0,6,10,1.21,0.0,0.0,0.19993199999999867,-0.0,0.0,0.0
66814677,16.000051,0,-35.3632649,149.1652374,584.85,0.0,0.0,6,10,1.21,0.0,0.0,0.1999329999999997,-0.0,0.0,0.0
67014610,16.199984,0,-35.3632649,149.1652374,584.85,0.0,0.0,6,10,1.21,0.0,0.0,0.19993300000000147,-0.0,0.0,0.0
67214543,16.399917,0,-35.3632649,149.1652374,584.85,0.0020000000949949026,0.0,6,10,1.21,0.0,0.0,0.19993299999999792,-0.0,0.0,0.0
67414476,16.59985,0,-35.3632649,149.1652374,584.85,0.0020000000949949026,0.0,6,10,1.21,0.0,0.0,0.19993300000000147,-0.0,0.0,0.0
67614408,16.799782,0,-35.3632649,149.1652374,584.85,0.0,0.0,6,10,1.21,0.0,0.0,0.19993200000000044,-0.0,0.0,0.0
67814341,16.999715,0,-35.3632649,149.1652374,584.85,0.0,0.0,6,10,1.21,0.0,0.0,0.19993299999999792,-0.0,0.0,0.0
68014274,17.199648,0,-35.3632649,149.1652374,584.85,0.0,0.0,6,10,1.21,0.0,0.0,0.19993300000000147,-0.0,0.0,0.0
68214207,17.399581,0,-35.3632649,149.1652374,584.85,0.0,0.0,6,10,1.21,0.0,0.0,0.19993300000000147,-0.0,0.0,0.0
68414140,17.599514,0,-35.3632649,149.1652374,584.85,0.0,0.0,6,10,1.21,0.0,0.0,0.19993299999999792,-0.0,0.0,0.0
68614072,17.799446,0,-35.363265,149.1652374,584.9,0.36400002241134644,-1.0010000467300415,6,10,1.21,0.01111949242549315,0.01111949242549315,0.19993200000000044,-2.8895582107613116e-11,-0.011095744916558948,0.049999999743418566
68814005,17.999379,0,-35.3632673,149.1652374,585.57,2.703000068664551,-6.76300048828125,6,10,1.21,0.2557483314449272,0.26686782387042035,0.19993300000000147,-8.095960013498882e-11,-0.2662979085261262,0.7199999939147237
69014938,18.200312,0,-35.3632762,149.1652374,587.98,7.565000534057617,-17.731000900268555,6,10,1.21,0.989634847088583,1.2565026709590033,0.20093299999999914,2.2410229227887157e-10,-1.253819796395086,3.129999877416475
69214870,18.400244,0,-35.3632954,149.1652373,592.8,13.747000694274902,-30.398000717163086,6,10,1.21,2.13496184910598,3.391464520064983,0.19993200000000044,-0.009089129466378187,-3.384206444909269,7.9499990987777025
69414803,18.600177,0,-35.3633262,149.1652372,600.18,20.58700180053711,-43.3280029296875,6,10,1.21,3.4248157459814683,6.816280266046451,0.19993299999999792,-0.018178272655352767,-6.801708080263146,15.329996361728789
69614736,18.80011,0,-35.3633695,149.1652371,610.13,27.64200210571289,-56.02300262451172,6,10,1.21,4.814748861907562,11.631029127954013,0.19993300000000147,-0.027267434673973412,-11.606195451206231,25.279989404792513
69814669,19.000043,0,-35.3634255,149.1652369,622.56,34.57200241088867,-68.06500244140625,6,10,1.21,6.226942302153947,17.85797143010796,0.19993300000000147,-0.045445784697299985,-17.81987229956823,37.70997502512464
70014602,19.199976,0,-35.3634936,149.1652366,637.3,41.18300247192383,-79.11300659179688,6,10,1.21,7.5724233689874545,25.430394799095414,0.19993299999999792,-0.07271336436650344,-25.37617849910404,52.449949354345456
70214534,19.399908,0,-35.363573,149.1652363,654.08,46.927001953125,-88.24400329589844,6,10,1.21,8.828919086332192,34.2593138854276,0.19993200000000044,-0.09998104028605326,-34.18636328406034,69.22990808355485
70414467,19.599841,0,-35.363661,149.165236,672.32,50.547000885009766,-93.21300506591797,6,10,1.21,9.785191358896359,44.04450524432396,0.19993300000000147,-0.1272488213018157,-43.95085182236457,87.46984807866713
70614400,19.799774,0,-35.3637532,149.1652356,691.06,51.69300079345703,-93.51500701904297,6,10,1.21,10.25223639931145,54.29674164363541,0.19993299999999792,-0.1636059233883529,-54.181429866474886,106.20976911849516
70814333,19.999707,0,-35.3638461,149.1652353,709.6,51.73800277709961,-91.77400207519531,6,10,1.21,10.330044505800696,64.6267861494361,0.19993300000000147,-0.19087390983187547,-64.48973810052033,124.74967290981677
71014266,20.19964,0,-35.363939,149.1652349,727.76,51.672000885009766,-89.8280029296875,6,10,1.21,10.330072364654912,74.95685851409101,0.19993299999999792,-0.22723123220563934,-74.79810214358562,142.90955998603644
71214198,20.399572,0,-35.3640318,149.1652346,745.53,51.60700225830078,-87.88200378417969,6,10,1.21,10.318925050400326,85.27578356449133,0.19993200000000044,-0.25449939697875124,-85.09542398721037,160.67943049628528
71414131,20.599505,0,-35.3641245,149.1652342,762.91,51.5420036315918,-85.93600463867188,6,10,1.21,10.307833516897505,95.58361708138884,0.19993300000000147,-0.2908569140423438,-95.38170164337137,178.05928449492666
71614064,20.799438,0,-35.364217,149.1652338,779.9,51.480003356933594,-83.99100494384766,6,10,1.21,10.285594667742044,105.86921174913088,0.19993299999999792,-0.32721452275235663,-105.64583703890347,195.04912221923735
71813997,20.999371,0,-35.3643095,149.1652335,796.5,51.41800308227539,-82.04500579833984,6,10,1.21,10.28556668917862,116.1547784383095,0.19993300000000147,-0.3544829182789613,-115.91002034120524,211.64894337145483
72014929,21.200303,0,-35.364402,149.1652332,812.76,51.35600280761719,-80.09600067138672,6,10,1.21,10.28556668838886,126.44034512669836,0.20093200000000166,-0.38175137358415867,-126.17425065089883,227.90874795338658
72214862,21.400236,0,-35.3644944,149.1652328,828.62,51.29500198364258,-78.14700317382812,6,10,1.21,10.274475244797854,136.71482037149622,0.19993299999999792,-0.41810920578377164,-136.42742886280251,243.76853620062766
72414795,21.600169,0,-35.3645865,149.1652325,844.06,51.23500061035156,-76.2030029296875,6,10,1.21,10.241088874760415,146.95590924625662,0.19993300000000147,-0.44537777063523265,-146.6473600966856,259.2083086804515
72614728,21.800102,0,-35.3646785,149.1652322,859.1,51.177001953125,-74.26000213623047,6,10,1.21,10.229969420103474,157.1858786663601,0.19993299999999792,-0.47264637390767916,-156.8562350285631,274.2480650055869
72814660,22.000034,0,-35.3647704,149.1652318,873.76,51.121002197265625,-72.31700134277344,6,10,1.21,10.218878129866178,167.40475679622628,0.19993200000000044,-0.5090043798850772,-167.05405217814786,288.9078052290245
73014593,22.199967,0,-35.3648622,149.1652315,888.02,51.066001892089844,-70.37300109863281,6,10,1.21,10.207730513887542,177.61248731011383,0.19993300000000147,-0.5362730618568605,-177.2408090812563,303.1675294038477
73214526,22.3999,0,-35.3649539,149.1652311,901.9,51.01100158691406,-68.43099975585938,6,10,1.21,10.196639285107121,187.80912659522096,0.19993299999999792,-0.5726311539328179,-187.41650433160788,317.04723758577796
73414459,22.599833,0,-35.3650455,149.1652308,915.4,50.95500183105469,-66.48900604248047,6,10,1.21,10.18549160731419,197.99461820253515,0.19993300000000147,-0.5998998962462707,-197.5811360283446,330.54692982463314
73614392,22.799766,0,-35.365137,149.1652304,928.5,50.89900207519531,-64.54900360107422,6,10,1.21,10.174400438839166,208.16901864137432,0.19993300000000147,-0.6362580499287844,-207.73470162538752,343.6466061738354
73814324,22.999698,0,-35.3652284,149.1652301,941.2,50.845001220703125,-62.608001708984375,6,10,1.21,10.16325270178801,218.33227134316235,0.1999319999999969,-0.6635268252071569,-217.87719913913418,356.3462666903694
74014257,23.199631,0,-35.3653197,149.1652298,953.54,50.79300308227539,-60.66800308227539,6,10,1.21,10.1521332491492,228.48440459231153,0.19993300000000147,-0.6907956076696564,-228.00862802148976,368.68591142236284
74214190,23.399564,0,-35.365411,149.1652294,965.48,50.742000579833984,-58.728004455566406,6,10,1.21,10.152161595895741,238.63656618820727,0.19993300000000147,-0.7271538135824613,-238.14008140206755,380.62554001067974
74414123,23.599497,0,-35.3655021,149.1652291,977.03,50.69300079345703,-56.788002014160156,6,10,1.21,10.129894342731548,248.76646053093882,0.19993299999999792,-0.7544225973751679,-248.24936488932244,392.17515332020616
74614056,23.79943,0,-35.3655931,149.1652288,988.19,50.64500427246094,-54.84800338745117,6,10,1.21,10.118774890361841,258.88523542130065,0.19993300000000147,-0.7816913717688152,-258.34757295650786,403.33475100699343
74813988,23.999362,0,-35.3656843,149.1652284,998.99,50.599002838134766,-52.90300369262695,6,10,1.21,10.141042173368,269.02627759466867,0.19993200000000044,-0.8180495753930472,-268.4679943709888,414.13433171624456
75014921,24.200295,0,-35.3657754,149.165228,1009.4,50.55500411987305,-50.958003997802734,6,10,1.21,10.129922751979175,279.15620034664784,0.20093299999999914,-0.8544077637212979,-278.5773367387233,424.54389680218827
75214854,24.400228,0,-35.3658662,149.1652277,1019.4,50.509002685546875,-49.02100372314453,6,10,1.21,10.096535985810615,289.2527363324584,0.19993299999999792,-0.8816764916880828,-288.6534042211086,434.543447327216
75414787,24.600161,0,-35.3659569,149.1652274,1029.01,50.46000289916992,-47.08500289916992,6,10,1.21,10.08541653370014,299.33815286615857,0.19993300000000147,-0.908945187791872,-298.71838870056473,444.15298240300666
75614719,24.800093,0,-35.3660474,149.165227,1038.23,50.41100311279297,-45.1510009765625,6,10,1.21,10.06320622538209,309.40135909154066,0.19993200000000044,-0.9453033063302172,-308.7611917322115,453.37250262485674
75814652,25.000026,0,-35.366138,149.1652267,1047.07,50.36100387573242,-43.21900177001953,6,10,1.21,10.074297080895313,319.47565617243595,0.19993299999999792,-0.9725719296384909,-318.8151015432211,462.21200642519364
76014585,25.199959,0,-35.3662285,149.1652264,1055.52,50.30900192260742,-41.28900146484375,6,10,1.21,10.06317762896946,329.5388338014054,0.19993300000000147,-0.9998405082965576,-328.85792271420354,470.66149490268214
76214518,25.399892,0,-35.3663188,149.165226,1063.58,50.249000549316406,-39.35700225830078,6,10,1.21,10.040967385568866,339.5798011869743,0.19993300000000147,-1.0361985000779583,-338.87855677160434,478.7209686986546
76414451,25.599825,0,-35.3664089,149.1652257,1071.26,50.1400032043457,-37.39500045776367,6,10,1.21,10.018699820910285,349.5985010078846,0.19993299999999792,-1.063466976366385,-348.87700232957593,486.40042791950333
76614383,25.799757,0,-35.3664989,149.1652254,1078.54,50.02300262451172,-35.432003021240234,6,10,1.21,10.0075803694486,359.60608137733317,0.19993200000000044,-1.0907353943608626,-358.86435299929684,493.6798720460815
76814316,25.99969,0,-35.3665887,149.165225,1085.42,49.954002380371094,-33.50600051879883,6,10,1.21,9.98537028562506,369.5914516629582,0.19993300000000147,-1.1270932081097413,-368.82951023308505,500.5593017694585
77014249,26.199623,0,-35.3666784,149.1652246,1091.94,49.897003173828125,-31.590002059936523,6,10,1.21,9.974250866481297,379.5657025294395,0.19993299999999792,-1.1634509537807816,-378.78357109713096,507.0787165348994
77214182,26.399556,0,-35.366768,149.1652242,1098.07,49.836002349853516,-29.678001403808594,6,10,1.21,9.963131447501274,389.52883397694075,0.19993300000000147,-1.1998086186065393,-388.7265320310779,513.208116393442
77414115,26.599489,0,-35.3668575,149.1652239,1103.81,49.77100372314453,-27.774002075195312,6,10,1.21,9.951983112827069,399.4808170897678,0.19993299999999792,-1.2270767463970316,-398.6583911707266,518.94750140118
77614047,26.799421,0,-35.3669469,149.1652234,1109.17,49.7030029296875,-25.876001358032227,6,10,1.21,9.940929828293468,409.4217469180613,0.19993200000000044,-1.2725236979786274,-408.57914730499715,524.3068716065238
77813980,26.999354,0,-35.3670363,149.1652231,1114.16,49.630001068115234,-23.98200035095215,6,10,1.21,9.940863661114955,419.36261057917625,0.19993300000000147,-1.2997916467169404,-418.49989595380976,529.2962263350337
78014913,27.200287,0,-35.3671257,149.1652227,1118.79,49.544002532958984,-22.09800148010254,6,10,1.21,9.940892609067863,429.3035031882441,0.20093299999999914,-1.3361489522554848,-428.4206360640801,533.9255655814595
78214845,27.400219,0,-35.3672145,149.1652222,1123.02,49.40300369262695,-20.211000442504883,6,10,1.21,9.87421357018367,439.1777167584278,0.19993200000000044,-1.3815955960397162,-438.2747830442057,538.1548939364967
78414778,27.600152,0,-35.3673031,149.1652219,1126.87,49.215003967285156,-18.33500099182129,6,10,1.21,9.85190805539699,449.02962481382474,0.19993300000000147,-1.408863239550513,-448.1067230971204,542.0042085878072
78614711,27.800085,0,-35.3673914,149.1652214,1130.35,49.02900314331055,-16.48900032043457,6,10,1.21,9.81861669555383,458.84824150937857,0.19993299999999792,-1.45430964881119,-457.9053584398952,545.4835104283704
78814644,28.000018,0,-35.3674793,149.165221,1133.47,48.845001220703125,-14.676000595092773,6,10,1.21,9.774101347672556,468.62234285705114,0.19993300000000147,-1.4906665016442844,-467.65959132717535,548.6028004366115
79014577,28.199951,0,-35.3675669,149.1652205,1136.23,48.64900207519531,-12.906000137329102,6,10,1.21,9.74078108313131,478.36312394018245,0.19993299999999792,-1.5361126560656828,-477.3805167528848,551.3620779798676
79214509,28.399883,0,-35.367654,149.1652199,1138.63,48.43300247192383,-11.182000160217285,6,10,1.21,9.685230915014722,488.04835485519715,0.19993200000000044,-1.590648088093289,-487.0459395811233,553.7613449064943
79414442,28.599816,0,-35.3677409,149.1652194,1140.7,48.20900344848633,-9.49000072479248,6,10,1.21,9.662945484158753,497.7113003393559,0.19993300000000147,-1.6360939531583085,-496.6891506164558,555.8305988771309
79614375,28.799749,0,-35.3678273,149.1652189,1142.43,47.98100280761719,-7.841000556945801,6,10,1.21,9.607348635891332,507.31864897524724,0.19993299999999792,-1.6815396717784807,-506.2768573600052,557.5598426404121
79814308,28.999682,0,-35.3679133,149.1652183,1143.84,47.75700378417969,-6.240000247955322,6,10,1.21,9.562918448965936,516.8815674242131,0.19993300000000147,-1.7360746365207405,-515.820156578252,558.9690755461761
80014241,29.199615,0,-35.367999,149.1652176,1144.92,47.54100036621094,-4.647000312805176,6,10,1.21,9.5296165920568,526.4111840162699,0.19993300000000147,-1.7996988092088628,-525.3301427052802,560.0482968758256
80214173,29.399547,0,-35.3680842,149.1652169,1145.7,47.33400344848633,-3.075000047683716,6,10,1.21,9.474020369246588,535.8852043855164,0.1999319999999969,-1.8633227955529748,-534.7846232985805,560.8275086481735
80414106,29.59948,0,-35.368169,149.1652159,1146.16,47.13900375366211,-1.5430001020431519,6,10,1.21,9.429765736843562,545.31497012236,0.19993300000000147,-1.9542146875479531,-544.1946920233647,561.2867101528819
80614039,29.799413,0,-35.3682535,149.165215,1146.31,46.95500183105469,-0.015000000596046448,6,10,1.21,9.396325681492154,554.7112958038522,0.19993300000000147,-2.036016950492872,-553.5714450456311,561.4359006322705
80813972,29.999346,0,-35.3683379,149.1652138,1146.16,46.781002044677734,1.496000051498413,6,10,1.21,9.385482552806314,564.0967783566585,0.19993299999999792,-2.1450870027916267,-562.9370753510822,561.2850782563423
81014904,30.200278,0,-35.368422,149.1652125,1145.71,46.62200164794922,2.9670002460479736,6,10,1.21,9.352236213511098,573.4490145701697,0.20093200000000166,-2.2632460675385744,-572.2693881443179,560.8342450759607
81214837,30.400211,0,-35.3685057,149.1652111,1144.97,46.47600173950195,4.430000305175781,6,10,1.21,9.307881038252027,582.7568956084217,0.19993299999999792,-2.3904941055481714,-581.557286291684,560.0934022552053
81414770,30.600144,0,-35.368589,149.1652096,1143.94,46.34400177001953,5.874000072479248,6,10,1.21,9.263535914656325,592.0204315230781,0.19993300000000147,-2.526831069771646,-590.8007685380768,559.0625499847856
81614703,30.800077,0,-35.3686722,149.1652078,1142.63,46.22900390625,7.277000427246094,6,10,1.21,9.252857464308937,601.273288987387,0.19993300000000147,-2.690435525169569,-600.0331247715316,557.7516853103259
81814635,31.000009,0,-35.3687551,149.1652059,1141.03,46.12800216674805,8.676000595092773,6,10,1.21,9.219669167203527,610.4929581545905,0.1999319999999969,-2.8631287563667485,-609.23215936678,556.1508104122968
82014568,31.199942,0,-35.3688379,149.1652039,1139.15,46.0420036315918,10.059000015258789,6,10,1.21,9.20872571431385,619.7016838689043,0.19993300000000147,-3.044910701265458,-618.4200655049236,554.2699232762931
82214501,31.399875,0,-35.3689205,149.1652017,1137.01,45.97700119018555,11.397000312805176,6,10,1.21,9.186866926417798,628.8885507953221,0.19993300000000147,-3.2448705918109795,-627.5857472421455,552.1290250394499
82414434,31.599808,0,-35.3690031,149.1651993,1134.59,45.926002502441406,12.731000900268555,6,10,1.21,9.187278579708725,638.0758293750308,0.19993299999999792,-3.463008311437825,-636.7513949005188,549.7081135765039
82614367,31.799741,0,-35.3690856,149.1651967,1131.91,45.8910026550293,14.04800033569336,6,10,1.21,9.176610179057766,647.2524395540886,0.19993300000000147,-3.6993237742979765,-645.9059125958323,547.027190009798
82814299,31.999673,0,-35.369168,149.1651939,1128.97,45.880001068115234,15.321001052856445,6,10,1.21,9.165978728830586,656.4184182829192,0.19993200000000044,-3.9538168702010594,-655.0492992178184,544.0862543871075
83014232,32.199606,0,-35.3692504,149.165191,1125.78,45.88300323486328,16.59000015258789,6,10,1.21,9.166234351477566,665.5846526343968,0.19993300000000147,-4.217398267340386,-664.1926514002654,540.895305600575
83214165,32.399539,0,-35.3693327,149.165188,1122.34,45.915000915527344,17.81100082397461,6,10,1.21,9.155384347143137,674.7400369815399,0.19993299999999437,-4.490067902295664,-673.3248713748504,537.4543448241274
83414098,32.599472,0,-35.3694152,149.1651853,1118.63,45.762001037597656,19.446001052856445,6,10,1.21,9.17684756983247,683.9168845513724,0.19993300000000147,-4.73546890348813,-682.4792459774005,533.7433685591093
83614031,32.799405,0,-35.3694971,149.1651829,1114.54,45.454002380371094,21.374000549316406,6,10,1.21,9.109464123610268,693.0263486749826,0.19993300000000147,-4.953601329880767,-691.5669885879912,529.6523863686427
83813963,32.999337,0,-35.3695787,149.1651804,1110.08,45.19600296020508,23.07000160217285,6,10,1.21,9.076337122762313,702.1026857977449,0.1999319999999969,-5.18082191587721,-700.6213888452899,525.1913948451378
84014896,33.20027,0,-35.3696597,149.1651781,1105.27,44.750003814697266,24.944000244140625,6,10,1.21,9.009203106793397,711.1118889045383,0.20093300000000625,-5.38986318025972,-709.6091574573596,520.3803978672671
84214829,33.400203,0,-35.3697397,149.1651757,1100.12,44.422000885009766,26.567001342773438,6,10,1.21,8.898255470229204,720.0101443747675,0.19993299999999437,-5.607992612533429,-718.4859076105605,515.2294007128045
84414762,33.600136,0,-35.3698191,149.1651735,1094.63,43.98800277709961,28.334001541137695,6,10,1.21,8.831130383763764,728.8412747585312,0.19993300000000147,-5.807942768455867,-727.2960247152251,509.738398792549
84614694,33.800068,0,-35.3698978,149.1651712,1088.79,43.63100051879883,30.023000717163086,6,10,1.21,8.753525290560844,737.5948000490921,0.199932000000004,-6.016981011775645,-736.0284097494808,503.89739364576377
84814627,34.000001,0,-35.3699759,149.1651688,1082.62,43.285003662109375,31.69300079345703,6,10,1.21,8.687049818994142,746.2818498680863,0.19993299999999437,-6.235107265594378,-744.6941604538061,497.72638429020634
85014560,34.199934,0,-35.3700533,149.1651666,1076.1,42.9170036315918,33.432003021240234,6,10,1.21,8.608798723164098,754.8906485912504,0.19993300000000147,-6.435054261247707,-753.2821766641154,491.20537233923096
85214493,34.399867,0,-35.3701302,149.1651642,1069.26,42.61900329589844,35.06300354003906,6,10,1.21,8.553658421162654,763.4443070124131,0.19993300000000147,-6.653178256931858,-761.8146540256351,484.36435541325113
85414426,34.5998,0,-35.3702064,149.165162,1062.07,42.2660026550293,36.784000396728516,6,10,1.21,8.475401192248144,771.9197082046612,0.19993300000000147,-6.853123007693732,-770.269394583195,477.1733364633811
85614358,34.799732,0,-35.370282,149.1651598,1054.55,41.96900177001953,38.4170036315918,6,10,1.21,8.408702860561549,780.3284110652228,0.1999319999999969,-7.053066622181628,-778.6574962433332,469.6523144206315
85814291,34.999665,0,-35.3703571,149.1651575,1046.69,41.64500045776367,40.08700180053711,6,10,1.21,8.353342589021992,788.6817536542447,0.19993300000000147,-7.262098037680676,-786.9900532629144,461.7912881660092
86014224,35.199598,0,-35.3704316,149.1651552,1038.51,41.323001861572266,41.724002838134766,6,10,1.21,8.28664659151065,796.9684002457554,0.19993300000000147,-7.471128229659207,-795.2559704590155,453.6102593125379
86214157,35.399531,0,-35.3705055,149.1651531,1030.01,41.027000427246094,43.329002380371094,6,10,1.21,8.219510848549211,805.1879110943047,0.19993300000000147,-7.661979285484314,-803.455246818051,445.10922814509155
86414090,35.599464,0,-35.3705789,149.1651509,1021.18,40.66400146484375,44.95600128173828,6,10,1.21,8.164144909667872,813.3520560039726,0.19993299999999437,-7.861918052583327,-811.5989766340979,436.27819347212835
86614022,35.799396,0,-35.3706517,149.1651486,1012.03,40.3900032043457,46.49700164794922,6,10,1.21,8.097676468873939,821.4497324728466,0.199932000000004,-8.07094445884131,-819.6760636542805,427.1271569376793
86813955,35.999329,0,-35.370724,149.1651465,1002.54,39.992000579833984,48.10300064086914,6,10,1.21,8.041647754246677,829.4913802270933,0.19993300000000147,-8.261791746743498,-827.6976008022823,417.6361173853562
87014888,36.200262,0,-35.3707959,149.1651443,992.75,39.71800231933594,49.61000061035156,6,10,1.21,7.997403338203404,837.4887835652967,0.20093299999999914,-8.461726625187382,-835.6746887906576,407.845073530044
87214820,36.400194,0,-35.3708668,149.1651422,982.67,39.34600067138672,51.14400100708008,6,10,1.21,7.886019355860662,845.3748029211573,0.1999319999999969,-8.652571414708504,-843.540749285205,397.7640343987583
87414753,36.600127,0,-35.3709372,149.1651401,972.3,38.996002197265625,52.669002532958984,6,10,1.21,7.830438210561004,853.2052411317184,0.19993300000000147,-8.843414922181381,-851.3512639164567,387.39299296129485
87614686,36.80006,0,-35.371007,149.1651379,961.61,38.742000579833984,54.079002380371094,6,10,1.21,7.76396881253237,860.9692099442508,0.19993300000000147,-9.043345881805422,-859.095131424155,376.70195091102784
87814619,36.999993,0,-35.3710762,149.1651359,950.64,38.23200225830078,55.6670036315918,6,10,1.21,7.696825467086079,868.6660354113369,0.19993300000000147,-9.225097958546101,-866.7723563970228,365.73090852703456
88014552,37.199926,0,-35.3711447,149.1651337,939.38,38.121002197265625,56.95500183105469,6,10,1.21,7.6194640229474695,876.2854994342844,0.19993299999999437,-9.42502623717175,-874.3718404492695,354.46986752884396
88214484,37.399858,0,-35.3712126,149.1651317,927.82,37.547000885009766,58.52300262451172,6,10,1.21,7.552312949495156,883.8378123837795,0.199932000000004,-9.606775657369383,-881.9046778816094,342.90882670429744
88414417,37.599791,0,-35.37128,149.1651296,916.0,37.329002380371094,59.858001708984375,6,10,1.21,7.496956435807098,891.3347688195865,0.19993300000000147,-9.797612470799734,-889.3819699503026,331.0877846997485
88614350,37.799724,0,-35.3713465,149.1651274,903.87,37.053001403808594,61.18700408935547,6,10,1.21,7.397152669936142,898.7319214895227,0.19993299999999437,-9.997536556149882,-896.759323728345,318.95674797146995
88814283,37.999657,0,-35.3714127,149.1651256,891.49,36.422000885009766,62.72300338745117,6,10,1.21,7.362913184295465,906.0948346738182,0.19993300000000147,-10.161104612292874,-904.1033249544698,306.57570747179085
89014216,38.19959,0,-35.3714782,149.1651233,878.83,36.43600082397461,63.86000442504883,6,10,1.21,7.286252659980919,913.3810873337992,0.19993300000000147,-10.370114500773923,-911.3695836544781,293.9146695486186
89214148,38.399522,0,-35.3715428,149.1651215,865.9,35.88500213623047,65.28600311279297,6,10,1.21,7.185046089811303,920.5661334236105,0.1999319999999969,-10.533679926415175,-918.5359081711426,280.9836378189026
89414081,38.599455,0,-35.3716072,149.1651196,852.73,35.380001068115234,66.6780014038086,6,10,1.21,7.163025186570725,927.7291586101812,0.19993300000000147,-10.706332617978035,-925.6799762194544,267.8126012297138
89614014,38.799388,0,-35.3716706,149.1651174,839.28,35.461002349853516,67.7300033569336,6,10,1.21,7.052579855111665,934.7817384652928,0.19993300000000147,-10.906249606144655,-932.7130116470246,254.36157284185617
89814946,39.00032,0,-35.3717336,149.1651157,825.53,34.77300262451172,69.15800476074219,6,10,1.21,7.006975949102112,941.7887144143949,0.20093200000000166,-11.060722397931585,-939.7015882640967,240.61054331005
90014879,39.200253,0,-35.3717963,149.1651138,811.56,34.281002044677734,70.47500610351562,6,10,1.21,6.974049960417223,948.7627643748121,0.19993299999999437,-11.233370915905425,-946.6568135128441,226.6395110205611
90214812,39.400186,0,-35.3718578,149.1651116,797.37,34.43600082397461,71.44800567626953,6,10,1.21,6.841396612489956,955.6041609873021,0.19993300000000147,-11.433283569578748,-953.4788217178561,212.44849104263722
90414745,39.600119,0,-35.3719187,149.1651099,782.92,33.79800033569336,72.77400207519531,6,10,1.21,6.773525048181242,962.3776860354833,0.19993300000000147,-11.587752475812636,-960.2341835637842,197.99747387754832
90614678,39.800052,0,-35.3719793,149.1651082,768.25,33.10000228881836,74.11100006103516,6,10,1.21,6.740175248575926,969.1178612840592,0.19993300000000147,-11.742220092176325,-966.9561930568129,183.32645459865284
90814610,39.999984,0,-35.372039,149.165106,753.35,33.28200149536133,75.03300476074219,6,10,1.21,6.6413333899380484,975.7591946739973,0.1999319999999969,-11.942128355951382,-973.5782719276438,168.42544341881467
91014543,40.199917,0,-35.3720979,149.1651041,738.2,33.00100326538086,76.13200378417969,6,10,1.21,6.5516464701582855,982.3108411441556,0.19993300000000147,-12.114769991626275,-980.1115130043806,153.27443907736023
91214476,40.39985,0,-35.3721564,149.1651026,722.83,32.04500198364258,77.50200653076172,6,10,1.21,6.50632483540589,988.8171659795614,0.19993300000000147,-12.251056908148882,-986.6003047992391,137.90343497642033
91414409,40.599783,0,-35.3722145,149.1651007,707.26,31.821001052856445,78.54900360107422,6,10,1.21,6.462721702578288,995.2798876821397,0.19993300000000147,-12.423695816568426,-993.0446501810748,122.3324311138499
91614342,40.799716,0,-35.3722716,149.1650986,691.45,32.06500244140625,79.38300323486328,6,10,1.21,6.352084680635424,1001.6319723627752,0.19993299999999437,-12.614509843704269,-999.377966870008,106.52143812644829
91814274,40.999648,0,-35.3723279,149.165097,675.43,31.499000549316406,80.52000427246094,6,10,1.21,6.261955023170954,1007.8939273859461,0.199932000000004,-12.759881188347038,-1005.6224514692706,90.50045295899622
92014207,41.199581,0,-35.3723839,149.1650955,659.21,30.53900146484375,81.78800201416016,6,10,1.21,6.228400961380879,1014.122328347327,0.19993300000000147,-12.89616304107281,-1011.8335851256072,74.27946697411312
92214140,41.399514,0,-35.3724395,149.1650937,642.8,30.376001358032227,82.73700714111328,6,10,1.21,6.184591684462245,1020.3069200317892,0.19993300000000147,-13.059708217432785,-1018.0002732959547,57.86848197083759
92414073,41.599447,0,-35.3724941,149.1650916,626.17,30.668001174926758,83.49800109863281,6,10,1.21,6.0742279794572855,1026.3811480112465,0.19993299999999437,-13.250516470139729,-1024.055935936847,41.23750880374837
92614006,41.79938,0,-35.3725478,149.16509,609.32,30.29100227355957,84.48300170898438,6,10,1.21,5.972929552414492,1032.3540775636611,0.19993300000000147,-13.395882585655983,-1030.0116689850324,24.386546140079588
92814938,42.000312,0,-35.3726014,149.1650886,592.26,29.295001983642578,85.66900634765625,6,10,1.21,5.961399654961655,1038.3154772186228,0.20093200000000166,-13.52307113670625,-1035.956240480835,7.325579742484933
93014871,42.200245,0,-35.3726545,149.165087,575.02,28.692001342773438,86.69700622558594,6,10,1.21,5.906232495149197,1044.221709713772,0.19993300000000147,-13.668434648966354,-1041.8452719135207,-9.915383158657448
93214804,42.400178,0,-35.3727068,149.1650851,557.63,28.862001419067383,87.44700622558594,6,10,1.21,5.8180456658606,1050.0397553796327,0.19993299999999437,-13.841061070537648,-1047.645481047116,-27.30633694810797
93414737,42.600111,0,-35.3727583,149.1650832,540.05,29.069002151489258,88.16700744628906,6,10,1.21,5.729129330508693,1055.7688847101413,0.19993300000000147,-14.013686052011906,-1053.3568615309111,-44.88728132184622
93614669,42.800043,0,-35.372809,149.1650817,522.28,28.604001998901367,89.09000396728516,6,10,1.21,5.639223032929553,1061.4081077430708,0.199932000000004,-14.149957729242487,-1058.97941352702,-62.65821596117934
93814602,42.999976,0,-35.3728593,149.1650804,504.34,27.636001586914062,90.1510009765625,6,10,1.21,5.594346661799046,1067.00245440487,0.19993299999999437,-14.268052307556502,-1064.5575231400144,-80.59914810265997
94014535,43.199909,0,-35.3729091,149.165079,486.25,26.899002075195312,91.11700439453125,6,10,1.21,5.53896202868577,1072.5414164335557,0.19993300000000147,-14.39523372434195,-1070.0800981132415,-98.69007582003161
94214468,43.399842,0,-35.3729584,149.1650773,467.98,26.82400131225586,91.86900329589844,6,10,1.21,5.484076405080083,1078.0254928386357,0.19993300000000147,-14.549677548831994,-1075.5471334827757,-116.9609990099346
94414401,43.599775,0,-35.373007,149.1650755,449.55,27.10900115966797,92.49900817871094,6,10,1.21,5.406537243873286,1083.432030082509,0.19993300000000147,-14.713207896634287,-1080.936441579028,-135.39191371765145
94614333,43.799707,0,-35.3730548,149.1650738,430.95,27.155000686645508,93.18400573730469,6,10,1.21,5.317351968073416,1088.7493820505824,0.1999319999999969,-14.867649052215654,-1086.2369254379335,-153.9928178067379
94814266,43.99964,0,-35.3731018,149.1650723,412.19,26.66200065612793,94.00800323486328,6,10,1.21,5.227930876736967,1093.9773129273194,0.19993300000000147,-15.003913351967753,-1091.448587111777,-172.75371103490744
95014199,44.199573,0,-35.3731485,149.165071,393.28,25.78900146484375,94.92000579833984,6,10,1.21,5.19414062330756,1099.171453550627,0.19993300000000147,-15.12200090675168,-1096.6269058571604,-191.66460274906387
95214132,44.399506,0,-35.3731948,149.1650698,374.24,24.96000099182129,95.79700469970703,6,10,1.21,5.149474654471432,1104.3209282050984,0.19993300000000147,-15.230999684944209,-1101.76078968833,-210.70549096938078
95414065,44.599439,0,-35.3732405,149.1650684,355.04,24.5260009765625,96.5510025024414,6,10,1.21,5.083193285554394,1109.4041214906529,0.19993299999999437,-15.358172771318948,-1106.8280427889429,-229.90637178782197
95613997,44.799371,0,-35.3732856,149.1650668,335.7,24.532001495361328,97.1780014038086,6,10,1.21,5.016989004937934,1114.4211104955907,0.199932000000004,-15.503520009679448,-1111.8286688743342,-249.24724504514433
95814930,45.000304,0,-35.3733301,149.1650652,316.15,24.73000144958496,97.74500274658203,6,10,1.21,4.9503003197368285,1119.3714108153276,0.20093299999999914,-15.648865808761002,-1116.7626558930756,-268.79811054209614
96014863,45.200237,0,-35.373374,149.1650636,296.48,24.83500099182129,98.32100677490234,6,10,1.21,4.883612406703294,1124.255023222031,0.19993300000000147,-15.794210375471323,-1121.630019848199,-288.46896812379174
96214795,45.400169,0,-35.3734171,149.1650622,276.72,24.667001724243164,98.95100402832031,6,10,1.21,4.794182059227708,1129.0492052812588,0.1999319999999969,-15.92137873204598,-1126.408575913687,-308.2298136614206
96414728,45.600102,0,-35.3734597,149.1650609,256.83,24.183000564575195,99.64500427246094,6,10,1.21,4.738370105776422,1133.787575387035,0.19993300000000147,-16.039458426793146,-1131.1316031814706,-328.12065289668027
96614661,45.800035,0,-35.3735018,149.1650596,236.8,23.48200035095215,100.37400817871094,6,10,1.21,4.68279004885853,1138.4703654358937,0.19993300000000147,-16.15753700669029,-1135.7991001113367,-348.15148572731283
96814594,45.999968,0,-35.3735433,149.1650585,216.66,22.72800064086914,101.09700775146484,6,10,1.21,4.615667107133216,1143.086032543027,0.19993300000000147,-16.257439672663565,-1140.399977146188,-368.2923099980899
97014527,46.199901,0,-35.3735845,149.1650573,196.39,22.076000213623047,101.77900695800781,6,10,1.21,4.582522777089597,1147.6685553201166,0.19993299999999437,-16.366428745231133,-1144.9675163824545,-388.56313162628004
97214459,46.399833,0,-35.3736251,149.165056,176.01,21.626001358032227,102.40100860595703,6,10,1.21,4.516052450055689,1152.1846077701723,0.199932000000004,-16.484504230789526,-1149.468436321849,-408.9439445212337
97414392,46.599766,0,-35.3736652,149.1650547,155.51,21.3960018157959,102.96400451660156,6,10,1.21,4.46047416069808,1156.6450819308704,0.19993300000000147,-16.60257863380218,-1153.913830554622,-429.44475053377914
97614325,46.799699,0,-35.3737047,149.1650533,134.89,21.34000015258789,103.47700500488281,6,10,1.21,4.394033428607452,1161.0391153594778,0.19993299999999437,-16.729739281843422,-1158.2926044019594,-450.0655475482735
97814258,46.999632,0,-35.3737437,149.165052,114.16,21.37700080871582,103.96100616455078,6,10,1.21,4.338203654436112,1165.3773190139138,0.19993300000000147,-16.847811522020493,-1162.615854999276,-470.796337411575
98014191,47.199565,0,-35.373782,149.1650505,93.32,21.426000595092773,104.43000793457031,6,10,1.21,4.260936701639408,1169.6382557155532,0.19993300000000147,-16.984057220594593,-1166.8613929039973,-491.63711600523135
98214123,47.399497,0,-35.3738199,149.1650492,72.37,21.428001403808594,104.89800262451172,6,10,1.21,4.215935696640527,1173.8541914121938,0.1999319999999969,-17.102127274727422,-1171.0625031964369,-512.5878892111992
98414056,47.59943,0,-35.3738572,149.165048,51.32,21.34800148010254,105.37300872802734,6,10,1.21,4.148997577489316,1178.0031889896832,0.19993300000000147,-17.211109122572623,-1175.1969982967662,-533.6386528626977
98613989,47.799363,0,-35.373894,149.1650468,30.11,21.174001693725586,105.85600280761719,6,10,1.21,4.09341949057047,1182.0966084802537,0.19993300000000147,-17.3200898280964,-1179.2759623512525,-554.8494089113058
98814921,48.000295,0,-35.3739304,149.1650455,8.81,20.917001724243164,106.34500885009766,6,10,1.21,4.049211184849693,1186.1458196651033,0.20093200000000166,-17.43815665465536,-1183.310503414315,-576.1501593420303
99014854,48.200228,0,-35.3739661,149.1650444,-12.53,20.593000411987305,106.8340072631836,6,10,1.21,3.9709115482459576,1190.1167312133493,0.19993300000000147,-17.538048484946444,-1187.2673468806538,-597.4908977784107
99214787,48.400161,0,-35.3740014,149.1650433,-33.97,20.21700096130371,107.32200622558594,6,10,1.21,3.9264477659264916,1194.0431789792758,0.19993299999999437,-17.637939368061552,-1191.1797663000948,-618.9316303610174
99414720,48.600094,0,-35.3740361,149.1650422,-55.51,19.808000564575195,107.80500793457031,6,10,1.21,3.859752706991854,1197.9029316862677,0.19993300000000147,-17.73782935059046,-1195.0255726421271,-640.4723528359339
99614653,48.800027,0,-35.3740705,149.1650412,-77.13,19.385000228881836,108.27800750732422,6,10,1.21,3.8261798780100618,1201.7291115642777,0.19993300000000147,-17.828631446111217,-1198.8380539836032,-662.0930713371724
99814585,48.999959,0,-35.3741044,149.1650401,-98.85,18.96200180053711,108.74100494384766,6,10,1.21,3.7708271656219496,1205.4999387298997,0.1999319999999969,-17.92851960955204,-1202.5950176277356,-683.813781652522
100014518,49.199892,0,-35.3741378,149.1650391,-120.65,18.549001693725586,109.19000244140625,6,10,1.21,3.7150171073157083,1209.2149558372155,0.19993300000000147,-18.019319998654737,-1206.2964677246916,-705.6144836384366
100214451,49.399825,0,-35.3741708,149.1650381,-142.53,18.15300178527832,109.62500762939453,6,10,1.21,3.6705525447323537,1212.8855083819478,0.19993300000000147,-18.110119555372535,-1209.9534992175859,-727.4951793307923
100414384,49.599758,0,-35.3742033,149.1650371,-164.49,17.777000427246094,110.04700469970703,6,10,1.21,3.6149723044134436,1216.5004806863612,0.19993300000000147,-18.200918298957504,-1213.5550179669153,-749.4558665370934
100614317,49.799691,0,-35.3742353,149.165036,-186.53,17.42300033569336,110.4540023803711,6,10,1.21,3.5596350963061867,1220.0601157826675,0.19993300000000147,-18.30080302239594,-1217.1010244329632,-771.4965451882099
100814249,49.999623,0,-35.3742669,149.165035,-208.65,17.09200096130371,110.84900665283203,6,10,1.21,3.5149292469802176,1223.5750450296478,0.1999319999999969,-18.391600077934754,-1220.602613397654,-793.6172172682939
101014182,50.199556,0,-35.3742981,149.165034,-230.84,16.7810001373291,111.2300033569336,6,10,1.21,3.4704662635704655,1227.0455112932182,0.19993300000000147,-18.48239632251989,-1224.059787134742,-815.8078827328682
101214115,50.399489,0,-35.3743288,149.165033,-253.11,16.48900032043457,111.60000610351562,6,10,1.21,3.414888086878091,1230.4603993800963,0.19993300000000147,-18.573191746805264,-1227.4614497635412,-838.0785393660685
101414048,50.599422,0,-35.3743591,149.1650321,-275.46,16.216001510620117,111.9580078125,6,10,1.21,3.3701942871599906,1233.8305936672564,0.19993299999999437,-18.65489967365454,-1230.8186959800014,-860.4291891982571
101613981,50.799355,0,-35.3743891,149.1650311,-297.92,15.969000816345215,112.30500793457031,6,10,1.21,3.3370797144582447,1237.1676733817146,0.19993300000000147,-18.745693329295364,-1234.142614562944,-882.8898343685946
101814913,51.000287,0,-35.3744186,149.1650301,-320.46,15.738000869750977,112.64100646972656,6,10,1.21,3.2815031227800393,1240.4491765044947,0.20093200000000166,-18.83648616074538,-1237.4110231430038,-905.4304704765334
102014846,51.20022,0,-35.3744475,149.1650291,-343.01,15.511000633239746,112.96700286865234,6,10,1.21,3.2148121650551817,1243.66398866955,0.19993300000000147,-18.927278395065855,-1240.6128417024477,-927.9810952751661
102214779,51.400153,0,-35.374476,149.1650282,-365.62,15.30000114440918,113.28400421142578,6,10,1.21,3.17010579676603,1246.834094466316,0.19993300000000147,-19.008983325791974,-1243.7702493436457,-950.5917129768351
102414712,51.600086,0,-35.3745043,149.1650272,-388.29,15.106000900268555,113.59100341796875,6,10,1.21,3.148122307381264,1249.9822167736972,0.19993299999999437,-19.09977396184763,-1246.9054346211353,-973.2623279194888
102614644,51.800018,0,-35.374532,149.1650263,-411.02,14.928000450134277,113.88800811767578,6,10,1.21,3.081180180049778,1253.063396953747,0.199932000000004,-19.181477412141362,-1249.974021538099,-995.9929312935589
102814577,51.999951,0,-35.3745593,149.1650254,-433.82,14.767001152038574,114.1760025024414,6,10,1.21,3.0367180371132494,1256.1001149908604,0.19993300000000147,-19.263180108874508,-1252.998196740688,-1018.793527400095
103014510,52.199884,0,-35.3745863,149.1650244,-456.68,14.624000549316406,114.45500183105469,6,10,1.21,3.0036317481778068,1259.1037467390383,0.19993299999999437,-19.35396842529383,-1255.9890565516232,-1041.6541183963243
